"","idcell","geom"
"13",13,list(c(-7767530.44516137, -6967530.44516137, -6967530.44516137, -7767530.44516137, -7767530.44516137, -6070632.92284166, -6070632.92284166, -5270632.92284166, -5270632.92284166, -6070632.92284166))
"14",14,list(c(-6967530.44516137, -6167530.44516137, -6167530.44516137, -6967530.44516137, -6967530.44516137, -6070632.92284166, -6070632.92284166, -5270632.92284166, -5270632.92284166, -6070632.92284166))
"42",42,list(c(15432469.5548386, 16232469.5548386, 16232469.5548386, 15432469.5548386, 15432469.5548386, -6070632.92284166, -6070632.92284166, -5270632.92284166, -5270632.92284166, -6070632.92284166))
"43",43,list(c(16232469.5548386, 17032469.5548386, 17032469.5548386, 16232469.5548386, 16232469.5548386, -6070632.92284166, -6070632.92284166, -5270632.92284166, -5270632.92284166, -6070632.92284166))
"45",45,list(c(-17367530.4451614, -16567530.4451614, -16567530.4451614, -17367530.4451614, -17367530.4451614, -5270632.92284166, -5270632.92284166, -4470632.92284166, -4470632.92284166, -5270632.92284166))
"57",57,list(c(-7767530.44516137, -6967530.44516137, -6967530.44516137, -7767530.44516137, -7767530.44516137, -5270632.92284166, -5270632.92284166, -4470632.92284166, -4470632.92284166, -5270632.92284166))
"58",58,list(c(-6967530.44516137, -6167530.44516137, -6167530.44516137, -6967530.44516137, -6967530.44516137, -5270632.92284166, -5270632.92284166, -4470632.92284166, -4470632.92284166, -5270632.92284166))
"83",83,list(c(13032469.5548386, 13832469.5548386, 13832469.5548386, 13032469.5548386, 13032469.5548386, -5270632.92284166, -5270632.92284166, -4470632.92284166, -4470632.92284166, -5270632.92284166))
"84",84,list(c(13832469.5548386, 14632469.5548386, 14632469.5548386, 13832469.5548386, 13832469.5548386, -5270632.92284166, -5270632.92284166, -4470632.92284166, -4470632.92284166, -5270632.92284166))
"86",86,list(c(15432469.5548386, 16232469.5548386, 16232469.5548386, 15432469.5548386, 15432469.5548386, -5270632.92284166, -5270632.92284166, -4470632.92284166, -4470632.92284166, -5270632.92284166))
"87",87,list(c(16232469.5548386, 17032469.5548386, 17032469.5548386, 16232469.5548386, 16232469.5548386, -5270632.92284166, -5270632.92284166, -4470632.92284166, -4470632.92284166, -5270632.92284166))
"88",88,list(c(17032469.5548386, 17832469.5548386, 17832469.5548386, 17032469.5548386, 17032469.5548386, -5270632.92284166, -5270632.92284166, -4470632.92284166, -4470632.92284166, -5270632.92284166))
"101",101,list(c(-7767530.44516137, -6967530.44516137, -6967530.44516137, -7767530.44516137, -7767530.44516137, -4470632.92284166, -4470632.92284166, -3670632.92284166, -3670632.92284166, -4470632.92284166))
"102",102,list(c(-6967530.44516137, -6167530.44516137, -6167530.44516137, -6967530.44516137, -6967530.44516137, -4470632.92284166, -4470632.92284166, -3670632.92284166, -3670632.92284166, -4470632.92284166))
"103",103,list(c(-6167530.44516137, -5367530.44516137, -5367530.44516137, -6167530.44516137, -6167530.44516137, -4470632.92284166, -4470632.92284166, -3670632.92284166, -3670632.92284166, -4470632.92284166))
"104",104,list(c(-5367530.44516137, -4567530.44516137, -4567530.44516137, -5367530.44516137, -5367530.44516137, -4470632.92284166, -4470632.92284166, -3670632.92284166, -3670632.92284166, -4470632.92284166))
"112",112,list(c(1032469.55483863, 1832469.55483863, 1832469.55483863, 1032469.55483863, 1032469.55483863, -4470632.92284166, -4470632.92284166, -3670632.92284166, -3670632.92284166, -4470632.92284166))
"113",113,list(c(1832469.55483863, 2632469.55483863, 2632469.55483863, 1832469.55483863, 1832469.55483863, -4470632.92284166, -4470632.92284166, -3670632.92284166, -3670632.92284166, -4470632.92284166))
"114",114,list(c(2632469.55483863, 3432469.55483863, 3432469.55483863, 2632469.55483863, 2632469.55483863, -4470632.92284166, -4470632.92284166, -3670632.92284166, -3670632.92284166, -4470632.92284166))
"124",124,list(c(10632469.5548386, 11432469.5548386, 11432469.5548386, 10632469.5548386, 10632469.5548386, -4470632.92284166, -4470632.92284166, -3670632.92284166, -3670632.92284166, -4470632.92284166))
"125",125,list(c(11432469.5548386, 12232469.5548386, 12232469.5548386, 11432469.5548386, 11432469.5548386, -4470632.92284166, -4470632.92284166, -3670632.92284166, -3670632.92284166, -4470632.92284166))
"126",126,list(c(12232469.5548386, 13032469.5548386, 13032469.5548386, 12232469.5548386, 12232469.5548386, -4470632.92284166, -4470632.92284166, -3670632.92284166, -3670632.92284166, -4470632.92284166))
"127",127,list(c(13032469.5548386, 13832469.5548386, 13832469.5548386, 13032469.5548386, 13032469.5548386, -4470632.92284166, -4470632.92284166, -3670632.92284166, -3670632.92284166, -4470632.92284166))
"128",128,list(c(13832469.5548386, 14632469.5548386, 14632469.5548386, 13832469.5548386, 13832469.5548386, -4470632.92284166, -4470632.92284166, -3670632.92284166, -3670632.92284166, -4470632.92284166))
"129",129,list(c(14632469.5548386, 15432469.5548386, 15432469.5548386, 14632469.5548386, 14632469.5548386, -4470632.92284166, -4470632.92284166, -3670632.92284166, -3670632.92284166, -4470632.92284166))
"131",131,list(c(16232469.5548386, 17032469.5548386, 17032469.5548386, 16232469.5548386, 16232469.5548386, -4470632.92284166, -4470632.92284166, -3670632.92284166, -3670632.92284166, -4470632.92284166))
"132",132,list(c(17032469.5548386, 17832469.5548386, 17832469.5548386, 17032469.5548386, 17032469.5548386, -4470632.92284166, -4470632.92284166, -3670632.92284166, -3670632.92284166, -4470632.92284166))
"146",146,list(c(-6967530.44516137, -6167530.44516137, -6167530.44516137, -6967530.44516137, -6967530.44516137, -3670632.92284166, -3670632.92284166, -2870632.92284166, -2870632.92284166, -3670632.92284166))
"147",147,list(c(-6167530.44516137, -5367530.44516137, -5367530.44516137, -6167530.44516137, -6167530.44516137, -3670632.92284166, -3670632.92284166, -2870632.92284166, -2870632.92284166, -3670632.92284166))
"148",148,list(c(-5367530.44516137, -4567530.44516137, -4567530.44516137, -5367530.44516137, -5367530.44516137, -3670632.92284166, -3670632.92284166, -2870632.92284166, -2870632.92284166, -3670632.92284166))
"149",149,list(c(-4567530.44516137, -3767530.44516137, -3767530.44516137, -4567530.44516137, -4567530.44516137, -3670632.92284166, -3670632.92284166, -2870632.92284166, -2870632.92284166, -3670632.92284166))
"156",156,list(c(1032469.55483863, 1832469.55483863, 1832469.55483863, 1032469.55483863, 1032469.55483863, -3670632.92284166, -3670632.92284166, -2870632.92284166, -2870632.92284166, -3670632.92284166))
"157",157,list(c(1832469.55483863, 2632469.55483863, 2632469.55483863, 1832469.55483863, 1832469.55483863, -3670632.92284166, -3670632.92284166, -2870632.92284166, -2870632.92284166, -3670632.92284166))
"158",158,list(c(2632469.55483863, 3432469.55483863, 3432469.55483863, 2632469.55483863, 2632469.55483863, -3670632.92284166, -3670632.92284166, -2870632.92284166, -2870632.92284166, -3670632.92284166))
"159",159,list(c(3432469.55483863, 4232469.55483863, 4232469.55483863, 3432469.55483863, 3432469.55483863, -3670632.92284166, -3670632.92284166, -2870632.92284166, -2870632.92284166, -3670632.92284166))
"160",160,list(c(4232469.55483863, 5032469.55483863, 5032469.55483863, 4232469.55483863, 4232469.55483863, -3670632.92284166, -3670632.92284166, -2870632.92284166, -2870632.92284166, -3670632.92284166))
"168",168,list(c(10632469.5548386, 11432469.5548386, 11432469.5548386, 10632469.5548386, 10632469.5548386, -3670632.92284166, -3670632.92284166, -2870632.92284166, -2870632.92284166, -3670632.92284166))
"169",169,list(c(11432469.5548386, 12232469.5548386, 12232469.5548386, 11432469.5548386, 11432469.5548386, -3670632.92284166, -3670632.92284166, -2870632.92284166, -2870632.92284166, -3670632.92284166))
"171",171,list(c(13032469.5548386, 13832469.5548386, 13832469.5548386, 13032469.5548386, 13032469.5548386, -3670632.92284166, -3670632.92284166, -2870632.92284166, -2870632.92284166, -3670632.92284166))
"172",172,list(c(13832469.5548386, 14632469.5548386, 14632469.5548386, 13832469.5548386, 13832469.5548386, -3670632.92284166, -3670632.92284166, -2870632.92284166, -2870632.92284166, -3670632.92284166))
"173",173,list(c(14632469.5548386, 15432469.5548386, 15432469.5548386, 14632469.5548386, 14632469.5548386, -3670632.92284166, -3670632.92284166, -2870632.92284166, -2870632.92284166, -3670632.92284166))
"177",177,list(c(-17367530.4451614, -16567530.4451614, -16567530.4451614, -17367530.4451614, -17367530.4451614, -2870632.92284166, -2870632.92284166, -2070632.92284166, -2070632.92284166, -2870632.92284166))
"178",178,list(c(-16567530.4451614, -15767530.4451614, -15767530.4451614, -16567530.4451614, -16567530.4451614, -2870632.92284166, -2870632.92284166, -2070632.92284166, -2070632.92284166, -2870632.92284166))
"180",180,list(c(-14967530.4451614, -14167530.4451614, -14167530.4451614, -14967530.4451614, -14967530.4451614, -2870632.92284166, -2870632.92284166, -2070632.92284166, -2070632.92284166, -2870632.92284166))
"190",190,list(c(-6967530.44516137, -6167530.44516137, -6167530.44516137, -6967530.44516137, -6967530.44516137, -2870632.92284166, -2870632.92284166, -2070632.92284166, -2070632.92284166, -2870632.92284166))
"191",191,list(c(-6167530.44516137, -5367530.44516137, -5367530.44516137, -6167530.44516137, -6167530.44516137, -2870632.92284166, -2870632.92284166, -2070632.92284166, -2070632.92284166, -2870632.92284166))
"192",192,list(c(-5367530.44516137, -4567530.44516137, -4567530.44516137, -5367530.44516137, -5367530.44516137, -2870632.92284166, -2870632.92284166, -2070632.92284166, -2070632.92284166, -2870632.92284166))
"193",193,list(c(-4567530.44516137, -3767530.44516137, -3767530.44516137, -4567530.44516137, -4567530.44516137, -2870632.92284166, -2870632.92284166, -2070632.92284166, -2070632.92284166, -2870632.92284166))
"200",200,list(c(1032469.55483863, 1832469.55483863, 1832469.55483863, 1032469.55483863, 1032469.55483863, -2870632.92284166, -2870632.92284166, -2070632.92284166, -2070632.92284166, -2870632.92284166))
"201",201,list(c(1832469.55483863, 2632469.55483863, 2632469.55483863, 1832469.55483863, 1832469.55483863, -2870632.92284166, -2870632.92284166, -2070632.92284166, -2070632.92284166, -2870632.92284166))
"202",202,list(c(2632469.55483863, 3432469.55483863, 3432469.55483863, 2632469.55483863, 2632469.55483863, -2870632.92284166, -2870632.92284166, -2070632.92284166, -2070632.92284166, -2870632.92284166))
"203",203,list(c(3432469.55483863, 4232469.55483863, 4232469.55483863, 3432469.55483863, 3432469.55483863, -2870632.92284166, -2870632.92284166, -2070632.92284166, -2070632.92284166, -2870632.92284166))
"204",204,list(c(4232469.55483863, 5032469.55483863, 5032469.55483863, 4232469.55483863, 4232469.55483863, -2870632.92284166, -2870632.92284166, -2070632.92284166, -2070632.92284166, -2870632.92284166))
"205",205,list(c(5032469.55483863, 5832469.55483863, 5832469.55483863, 5032469.55483863, 5032469.55483863, -2870632.92284166, -2870632.92284166, -2070632.92284166, -2070632.92284166, -2870632.92284166))
"213",213,list(c(11432469.5548386, 12232469.5548386, 12232469.5548386, 11432469.5548386, 11432469.5548386, -2870632.92284166, -2870632.92284166, -2070632.92284166, -2070632.92284166, -2870632.92284166))
"215",215,list(c(13032469.5548386, 13832469.5548386, 13832469.5548386, 13032469.5548386, 13032469.5548386, -2870632.92284166, -2870632.92284166, -2070632.92284166, -2070632.92284166, -2870632.92284166))
"216",216,list(c(13832469.5548386, 14632469.5548386, 14632469.5548386, 13832469.5548386, 13832469.5548386, -2870632.92284166, -2870632.92284166, -2070632.92284166, -2070632.92284166, -2870632.92284166))
"218",218,list(c(15432469.5548386, 16232469.5548386, 16232469.5548386, 15432469.5548386, 15432469.5548386, -2870632.92284166, -2870632.92284166, -2070632.92284166, -2070632.92284166, -2870632.92284166))
"219",219,list(c(16232469.5548386, 17032469.5548386, 17032469.5548386, 16232469.5548386, 16232469.5548386, -2870632.92284166, -2870632.92284166, -2070632.92284166, -2070632.92284166, -2870632.92284166))
"220",220,list(c(17032469.5548386, 17832469.5548386, 17832469.5548386, 17032469.5548386, 17032469.5548386, -2870632.92284166, -2870632.92284166, -2070632.92284166, -2070632.92284166, -2870632.92284166))
"221",221,list(c(-17367530.4451614, -16567530.4451614, -16567530.4451614, -17367530.4451614, -17367530.4451614, -2070632.92284166, -2070632.92284166, -1270632.92284166, -1270632.92284166, -2070632.92284166))
"233",233,list(c(-7767530.44516137, -6967530.44516137, -6967530.44516137, -7767530.44516137, -7767530.44516137, -2070632.92284166, -2070632.92284166, -1270632.92284166, -1270632.92284166, -2070632.92284166))
"234",234,list(c(-6967530.44516137, -6167530.44516137, -6167530.44516137, -6967530.44516137, -6967530.44516137, -2070632.92284166, -2070632.92284166, -1270632.92284166, -1270632.92284166, -2070632.92284166))
"235",235,list(c(-6167530.44516137, -5367530.44516137, -5367530.44516137, -6167530.44516137, -6167530.44516137, -2070632.92284166, -2070632.92284166, -1270632.92284166, -1270632.92284166, -2070632.92284166))
"236",236,list(c(-5367530.44516137, -4567530.44516137, -4567530.44516137, -5367530.44516137, -5367530.44516137, -2070632.92284166, -2070632.92284166, -1270632.92284166, -1270632.92284166, -2070632.92284166))
"237",237,list(c(-4567530.44516137, -3767530.44516137, -3767530.44516137, -4567530.44516137, -4567530.44516137, -2070632.92284166, -2070632.92284166, -1270632.92284166, -1270632.92284166, -2070632.92284166))
"238",238,list(c(-3767530.44516137, -2967530.44516137, -2967530.44516137, -3767530.44516137, -3767530.44516137, -2070632.92284166, -2070632.92284166, -1270632.92284166, -1270632.92284166, -2070632.92284166))
"244",244,list(c(1032469.55483863, 1832469.55483863, 1832469.55483863, 1032469.55483863, 1032469.55483863, -2070632.92284166, -2070632.92284166, -1270632.92284166, -1270632.92284166, -2070632.92284166))
"245",245,list(c(1832469.55483863, 2632469.55483863, 2632469.55483863, 1832469.55483863, 1832469.55483863, -2070632.92284166, -2070632.92284166, -1270632.92284166, -1270632.92284166, -2070632.92284166))
"246",246,list(c(2632469.55483863, 3432469.55483863, 3432469.55483863, 2632469.55483863, 2632469.55483863, -2070632.92284166, -2070632.92284166, -1270632.92284166, -1270632.92284166, -2070632.92284166))
"247",247,list(c(3432469.55483863, 4232469.55483863, 4232469.55483863, 3432469.55483863, 3432469.55483863, -2070632.92284166, -2070632.92284166, -1270632.92284166, -1270632.92284166, -2070632.92284166))
"248",248,list(c(4232469.55483863, 5032469.55483863, 5032469.55483863, 4232469.55483863, 4232469.55483863, -2070632.92284166, -2070632.92284166, -1270632.92284166, -1270632.92284166, -2070632.92284166))
"257",257,list(c(11432469.5548386, 12232469.5548386, 12232469.5548386, 11432469.5548386, 11432469.5548386, -2070632.92284166, -2070632.92284166, -1270632.92284166, -1270632.92284166, -2070632.92284166))
"258",258,list(c(12232469.5548386, 13032469.5548386, 13032469.5548386, 12232469.5548386, 12232469.5548386, -2070632.92284166, -2070632.92284166, -1270632.92284166, -1270632.92284166, -2070632.92284166))
"259",259,list(c(13032469.5548386, 13832469.5548386, 13832469.5548386, 13032469.5548386, 13032469.5548386, -2070632.92284166, -2070632.92284166, -1270632.92284166, -1270632.92284166, -2070632.92284166))
"260",260,list(c(13832469.5548386, 14632469.5548386, 14632469.5548386, 13832469.5548386, 13832469.5548386, -2070632.92284166, -2070632.92284166, -1270632.92284166, -1270632.92284166, -2070632.92284166))
"261",261,list(c(14632469.5548386, 15432469.5548386, 15432469.5548386, 14632469.5548386, 14632469.5548386, -2070632.92284166, -2070632.92284166, -1270632.92284166, -1270632.92284166, -2070632.92284166))
"262",262,list(c(15432469.5548386, 16232469.5548386, 16232469.5548386, 15432469.5548386, 15432469.5548386, -2070632.92284166, -2070632.92284166, -1270632.92284166, -1270632.92284166, -2070632.92284166))
"277",277,list(c(-7767530.44516137, -6967530.44516137, -6967530.44516137, -7767530.44516137, -7767530.44516137, -1270632.92284166, -1270632.92284166, -470632.922841659, -470632.922841659, -1270632.92284166))
"278",278,list(c(-6967530.44516137, -6167530.44516137, -6167530.44516137, -6967530.44516137, -6967530.44516137, -1270632.92284166, -1270632.92284166, -470632.922841659, -470632.922841659, -1270632.92284166))
"279",279,list(c(-6167530.44516137, -5367530.44516137, -5367530.44516137, -6167530.44516137, -6167530.44516137, -1270632.92284166, -1270632.92284166, -470632.922841659, -470632.922841659, -1270632.92284166))
"280",280,list(c(-5367530.44516137, -4567530.44516137, -4567530.44516137, -5367530.44516137, -5367530.44516137, -1270632.92284166, -1270632.92284166, -470632.922841659, -470632.922841659, -1270632.92284166))
"281",281,list(c(-4567530.44516137, -3767530.44516137, -3767530.44516137, -4567530.44516137, -4567530.44516137, -1270632.92284166, -1270632.92284166, -470632.922841659, -470632.922841659, -1270632.92284166))
"282",282,list(c(-3767530.44516137, -2967530.44516137, -2967530.44516137, -3767530.44516137, -3767530.44516137, -1270632.92284166, -1270632.92284166, -470632.922841659, -470632.922841659, -1270632.92284166))
"288",288,list(c(1032469.55483863, 1832469.55483863, 1832469.55483863, 1032469.55483863, 1032469.55483863, -1270632.92284166, -1270632.92284166, -470632.922841659, -470632.922841659, -1270632.92284166))
"289",289,list(c(1832469.55483863, 2632469.55483863, 2632469.55483863, 1832469.55483863, 1832469.55483863, -1270632.92284166, -1270632.92284166, -470632.922841659, -470632.922841659, -1270632.92284166))
"290",290,list(c(2632469.55483863, 3432469.55483863, 3432469.55483863, 2632469.55483863, 2632469.55483863, -1270632.92284166, -1270632.92284166, -470632.922841659, -470632.922841659, -1270632.92284166))
"291",291,list(c(3432469.55483863, 4232469.55483863, 4232469.55483863, 3432469.55483863, 3432469.55483863, -1270632.92284166, -1270632.92284166, -470632.922841659, -470632.922841659, -1270632.92284166))
"299",299,list(c(9832469.55483863, 10632469.5548386, 10632469.5548386, 9832469.55483863, 9832469.55483863, -1270632.92284166, -1270632.92284166, -470632.922841659, -470632.922841659, -1270632.92284166))
"300",300,list(c(10632469.5548386, 11432469.5548386, 11432469.5548386, 10632469.5548386, 10632469.5548386, -1270632.92284166, -1270632.92284166, -470632.922841659, -470632.922841659, -1270632.92284166))
"301",301,list(c(11432469.5548386, 12232469.5548386, 12232469.5548386, 11432469.5548386, 11432469.5548386, -1270632.92284166, -1270632.92284166, -470632.922841659, -470632.922841659, -1270632.92284166))
"302",302,list(c(12232469.5548386, 13032469.5548386, 13032469.5548386, 12232469.5548386, 12232469.5548386, -1270632.92284166, -1270632.92284166, -470632.922841659, -470632.922841659, -1270632.92284166))
"303",303,list(c(13032469.5548386, 13832469.5548386, 13832469.5548386, 13032469.5548386, 13032469.5548386, -1270632.92284166, -1270632.92284166, -470632.922841659, -470632.922841659, -1270632.92284166))
"304",304,list(c(13832469.5548386, 14632469.5548386, 14632469.5548386, 13832469.5548386, 13832469.5548386, -1270632.92284166, -1270632.92284166, -470632.922841659, -470632.922841659, -1270632.92284166))
"305",305,list(c(14632469.5548386, 15432469.5548386, 15432469.5548386, 14632469.5548386, 14632469.5548386, -1270632.92284166, -1270632.92284166, -470632.922841659, -470632.922841659, -1270632.92284166))
"306",306,list(c(15432469.5548386, 16232469.5548386, 16232469.5548386, 15432469.5548386, 15432469.5548386, -1270632.92284166, -1270632.92284166, -470632.922841659, -470632.922841659, -1270632.92284166))
"319",319,list(c(-9367530.44516137, -8567530.44516137, -8567530.44516137, -9367530.44516137, -9367530.44516137, -470632.922841659, -470632.922841659, 329367.077158341, 329367.077158341, -470632.922841659))
"320",320,list(c(-8567530.44516137, -7767530.44516137, -7767530.44516137, -8567530.44516137, -8567530.44516137, -470632.922841659, -470632.922841659, 329367.077158341, 329367.077158341, -470632.922841659))
"321",321,list(c(-7767530.44516137, -6967530.44516137, -6967530.44516137, -7767530.44516137, -7767530.44516137, -470632.922841659, -470632.922841659, 329367.077158341, 329367.077158341, -470632.922841659))
"322",322,list(c(-6967530.44516137, -6167530.44516137, -6167530.44516137, -6967530.44516137, -6967530.44516137, -470632.922841659, -470632.922841659, 329367.077158341, 329367.077158341, -470632.922841659))
"323",323,list(c(-6167530.44516137, -5367530.44516137, -5367530.44516137, -6167530.44516137, -6167530.44516137, -470632.922841659, -470632.922841659, 329367.077158341, 329367.077158341, -470632.922841659))
"324",324,list(c(-5367530.44516137, -4567530.44516137, -4567530.44516137, -5367530.44516137, -5367530.44516137, -470632.922841659, -470632.922841659, 329367.077158341, 329367.077158341, -470632.922841659))
"325",325,list(c(-4567530.44516137, -3767530.44516137, -3767530.44516137, -4567530.44516137, -4567530.44516137, -470632.922841659, -470632.922841659, 329367.077158341, 329367.077158341, -470632.922841659))
"331",331,list(c(232469.554838628, 1032469.55483863, 1032469.55483863, 232469.554838628, 232469.554838628, -470632.922841659, -470632.922841659, 329367.077158341, 329367.077158341, -470632.922841659))
"332",332,list(c(1032469.55483863, 1832469.55483863, 1832469.55483863, 1032469.55483863, 1032469.55483863, -470632.922841659, -470632.922841659, 329367.077158341, 329367.077158341, -470632.922841659))
"333",333,list(c(1832469.55483863, 2632469.55483863, 2632469.55483863, 1832469.55483863, 1832469.55483863, -470632.922841659, -470632.922841659, 329367.077158341, 329367.077158341, -470632.922841659))
"334",334,list(c(2632469.55483863, 3432469.55483863, 3432469.55483863, 2632469.55483863, 2632469.55483863, -470632.922841659, -470632.922841659, 329367.077158341, 329367.077158341, -470632.922841659))
"335",335,list(c(3432469.55483863, 4232469.55483863, 4232469.55483863, 3432469.55483863, 3432469.55483863, -470632.922841659, -470632.922841659, 329367.077158341, 329367.077158341, -470632.922841659))
"342",342,list(c(9032469.55483863, 9832469.55483863, 9832469.55483863, 9032469.55483863, 9032469.55483863, -470632.922841659, -470632.922841659, 329367.077158341, 329367.077158341, -470632.922841659))
"343",343,list(c(9832469.55483863, 10632469.5548386, 10632469.5548386, 9832469.55483863, 9832469.55483863, -470632.922841659, -470632.922841659, 329367.077158341, 329367.077158341, -470632.922841659))
"344",344,list(c(10632469.5548386, 11432469.5548386, 11432469.5548386, 10632469.5548386, 10632469.5548386, -470632.922841659, -470632.922841659, 329367.077158341, 329367.077158341, -470632.922841659))
"345",345,list(c(11432469.5548386, 12232469.5548386, 12232469.5548386, 11432469.5548386, 11432469.5548386, -470632.922841659, -470632.922841659, 329367.077158341, 329367.077158341, -470632.922841659))
"346",346,list(c(12232469.5548386, 13032469.5548386, 13032469.5548386, 12232469.5548386, 12232469.5548386, -470632.922841659, -470632.922841659, 329367.077158341, 329367.077158341, -470632.922841659))
"347",347,list(c(13032469.5548386, 13832469.5548386, 13832469.5548386, 13032469.5548386, 13032469.5548386, -470632.922841659, -470632.922841659, 329367.077158341, 329367.077158341, -470632.922841659))
"348",348,list(c(13832469.5548386, 14632469.5548386, 14632469.5548386, 13832469.5548386, 13832469.5548386, -470632.922841659, -470632.922841659, 329367.077158341, 329367.077158341, -470632.922841659))
"364",364,list(c(-8567530.44516137, -7767530.44516137, -7767530.44516137, -8567530.44516137, -8567530.44516137, 329367.077158341, 329367.077158341, 1129367.07715834, 1129367.07715834, 329367.077158341))
"365",365,list(c(-7767530.44516137, -6967530.44516137, -6967530.44516137, -7767530.44516137, -7767530.44516137, 329367.077158341, 329367.077158341, 1129367.07715834, 1129367.07715834, 329367.077158341))
"366",366,list(c(-6967530.44516137, -6167530.44516137, -6167530.44516137, -6967530.44516137, -6967530.44516137, 329367.077158341, 329367.077158341, 1129367.07715834, 1129367.07715834, 329367.077158341))
"367",367,list(c(-6167530.44516137, -5367530.44516137, -5367530.44516137, -6167530.44516137, -6167530.44516137, 329367.077158341, 329367.077158341, 1129367.07715834, 1129367.07715834, 329367.077158341))
"368",368,list(c(-5367530.44516137, -4567530.44516137, -4567530.44516137, -5367530.44516137, -5367530.44516137, 329367.077158341, 329367.077158341, 1129367.07715834, 1129367.07715834, 329367.077158341))
"373",373,list(c(-1367530.44516137, -567530.445161372, -567530.445161372, -1367530.44516137, -1367530.44516137, 329367.077158341, 329367.077158341, 1129367.07715834, 1129367.07715834, 329367.077158341))
"374",374,list(c(-567530.445161372, 232469.554838628, 232469.554838628, -567530.445161372, -567530.445161372, 329367.077158341, 329367.077158341, 1129367.07715834, 1129367.07715834, 329367.077158341))
"375",375,list(c(232469.554838628, 1032469.55483863, 1032469.55483863, 232469.554838628, 232469.554838628, 329367.077158341, 329367.077158341, 1129367.07715834, 1129367.07715834, 329367.077158341))
"376",376,list(c(1032469.55483863, 1832469.55483863, 1832469.55483863, 1032469.55483863, 1032469.55483863, 329367.077158341, 329367.077158341, 1129367.07715834, 1129367.07715834, 329367.077158341))
"377",377,list(c(1832469.55483863, 2632469.55483863, 2632469.55483863, 1832469.55483863, 1832469.55483863, 329367.077158341, 329367.077158341, 1129367.07715834, 1129367.07715834, 329367.077158341))
"378",378,list(c(2632469.55483863, 3432469.55483863, 3432469.55483863, 2632469.55483863, 2632469.55483863, 329367.077158341, 329367.077158341, 1129367.07715834, 1129367.07715834, 329367.077158341))
"379",379,list(c(3432469.55483863, 4232469.55483863, 4232469.55483863, 3432469.55483863, 3432469.55483863, 329367.077158341, 329367.077158341, 1129367.07715834, 1129367.07715834, 329367.077158341))
"384",384,list(c(7432469.55483863, 8232469.55483863, 8232469.55483863, 7432469.55483863, 7432469.55483863, 329367.077158341, 329367.077158341, 1129367.07715834, 1129367.07715834, 329367.077158341))
"386",386,list(c(9032469.55483863, 9832469.55483863, 9832469.55483863, 9032469.55483863, 9032469.55483863, 329367.077158341, 329367.077158341, 1129367.07715834, 1129367.07715834, 329367.077158341))
"387",387,list(c(9832469.55483863, 10632469.5548386, 10632469.5548386, 9832469.55483863, 9832469.55483863, 329367.077158341, 329367.077158341, 1129367.07715834, 1129367.07715834, 329367.077158341))
"388",388,list(c(10632469.5548386, 11432469.5548386, 11432469.5548386, 10632469.5548386, 10632469.5548386, 329367.077158341, 329367.077158341, 1129367.07715834, 1129367.07715834, 329367.077158341))
"389",389,list(c(11432469.5548386, 12232469.5548386, 12232469.5548386, 11432469.5548386, 11432469.5548386, 329367.077158341, 329367.077158341, 1129367.07715834, 1129367.07715834, 329367.077158341))
"390",390,list(c(12232469.5548386, 13032469.5548386, 13032469.5548386, 12232469.5548386, 12232469.5548386, 329367.077158341, 329367.077158341, 1129367.07715834, 1129367.07715834, 329367.077158341))
"393",393,list(c(14632469.5548386, 15432469.5548386, 15432469.5548386, 14632469.5548386, 14632469.5548386, 329367.077158341, 329367.077158341, 1129367.07715834, 1129367.07715834, 329367.077158341))
"407",407,list(c(-9367530.44516137, -8567530.44516137, -8567530.44516137, -9367530.44516137, -9367530.44516137, 1129367.07715834, 1129367.07715834, 1929367.07715834, 1929367.07715834, 1129367.07715834))
"408",408,list(c(-8567530.44516137, -7767530.44516137, -7767530.44516137, -8567530.44516137, -8567530.44516137, 1129367.07715834, 1129367.07715834, 1929367.07715834, 1929367.07715834, 1129367.07715834))
"409",409,list(c(-7767530.44516137, -6967530.44516137, -6967530.44516137, -7767530.44516137, -7767530.44516137, 1129367.07715834, 1129367.07715834, 1929367.07715834, 1929367.07715834, 1129367.07715834))
"410",410,list(c(-6967530.44516137, -6167530.44516137, -6167530.44516137, -6967530.44516137, -6967530.44516137, 1129367.07715834, 1129367.07715834, 1929367.07715834, 1929367.07715834, 1129367.07715834))
"411",411,list(c(-6167530.44516137, -5367530.44516137, -5367530.44516137, -6167530.44516137, -6167530.44516137, 1129367.07715834, 1129367.07715834, 1929367.07715834, 1929367.07715834, 1129367.07715834))
"416",416,list(c(-2167530.44516137, -1367530.44516137, -1367530.44516137, -2167530.44516137, -2167530.44516137, 1129367.07715834, 1129367.07715834, 1929367.07715834, 1929367.07715834, 1129367.07715834))
"417",417,list(c(-1367530.44516137, -567530.445161372, -567530.445161372, -1367530.44516137, -1367530.44516137, 1129367.07715834, 1129367.07715834, 1929367.07715834, 1929367.07715834, 1129367.07715834))
"418",418,list(c(-567530.445161372, 232469.554838628, 232469.554838628, -567530.445161372, -567530.445161372, 1129367.07715834, 1129367.07715834, 1929367.07715834, 1929367.07715834, 1129367.07715834))
"419",419,list(c(232469.554838628, 1032469.55483863, 1032469.55483863, 232469.554838628, 232469.554838628, 1129367.07715834, 1129367.07715834, 1929367.07715834, 1929367.07715834, 1129367.07715834))
"420",420,list(c(1032469.55483863, 1832469.55483863, 1832469.55483863, 1032469.55483863, 1032469.55483863, 1129367.07715834, 1129367.07715834, 1929367.07715834, 1929367.07715834, 1129367.07715834))
"423",423,list(c(3432469.55483863, 4232469.55483863, 4232469.55483863, 3432469.55483863, 3432469.55483863, 1129367.07715834, 1129367.07715834, 1929367.07715834, 1929367.07715834, 1129367.07715834))
"427",427,list(c(6632469.55483863, 7432469.55483863, 7432469.55483863, 6632469.55483863, 6632469.55483863, 1129367.07715834, 1129367.07715834, 1929367.07715834, 1929367.07715834, 1129367.07715834))
"428",428,list(c(7432469.55483863, 8232469.55483863, 8232469.55483863, 7432469.55483863, 7432469.55483863, 1129367.07715834, 1129367.07715834, 1929367.07715834, 1929367.07715834, 1129367.07715834))
"429",429,list(c(8232469.55483863, 9032469.55483863, 9032469.55483863, 8232469.55483863, 8232469.55483863, 1129367.07715834, 1129367.07715834, 1929367.07715834, 1929367.07715834, 1129367.07715834))
"430",430,list(c(9032469.55483863, 9832469.55483863, 9832469.55483863, 9032469.55483863, 9032469.55483863, 1129367.07715834, 1129367.07715834, 1929367.07715834, 1929367.07715834, 1129367.07715834))
"431",431,list(c(9832469.55483863, 10632469.5548386, 10632469.5548386, 9832469.55483863, 9832469.55483863, 1129367.07715834, 1129367.07715834, 1929367.07715834, 1929367.07715834, 1129367.07715834))
"432",432,list(c(10632469.5548386, 11432469.5548386, 11432469.5548386, 10632469.5548386, 10632469.5548386, 1129367.07715834, 1129367.07715834, 1929367.07715834, 1929367.07715834, 1129367.07715834))
"433",433,list(c(11432469.5548386, 12232469.5548386, 12232469.5548386, 11432469.5548386, 11432469.5548386, 1129367.07715834, 1129367.07715834, 1929367.07715834, 1929367.07715834, 1129367.07715834))
"435",435,list(c(13032469.5548386, 13832469.5548386, 13832469.5548386, 13032469.5548386, 13032469.5548386, 1129367.07715834, 1129367.07715834, 1929367.07715834, 1929367.07715834, 1129367.07715834))
"436",436,list(c(13832469.5548386, 14632469.5548386, 14632469.5548386, 13832469.5548386, 13832469.5548386, 1129367.07715834, 1129367.07715834, 1929367.07715834, 1929367.07715834, 1129367.07715834))
"449",449,list(c(-10967530.4451614, -10167530.4451614, -10167530.4451614, -10967530.4451614, -10967530.4451614, 1929367.07715834, 1929367.07715834, 2729367.07715834, 2729367.07715834, 1929367.07715834))
"450",450,list(c(-10167530.4451614, -9367530.44516137, -9367530.44516137, -10167530.4451614, -10167530.4451614, 1929367.07715834, 1929367.07715834, 2729367.07715834, 2729367.07715834, 1929367.07715834))
"451",451,list(c(-9367530.44516137, -8567530.44516137, -8567530.44516137, -9367530.44516137, -9367530.44516137, 1929367.07715834, 1929367.07715834, 2729367.07715834, 2729367.07715834, 1929367.07715834))
"452",452,list(c(-8567530.44516137, -7767530.44516137, -7767530.44516137, -8567530.44516137, -8567530.44516137, 1929367.07715834, 1929367.07715834, 2729367.07715834, 2729367.07715834, 1929367.07715834))
"453",453,list(c(-7767530.44516137, -6967530.44516137, -6967530.44516137, -7767530.44516137, -7767530.44516137, 1929367.07715834, 1929367.07715834, 2729367.07715834, 2729367.07715834, 1929367.07715834))
"454",454,list(c(-6967530.44516137, -6167530.44516137, -6167530.44516137, -6967530.44516137, -6967530.44516137, 1929367.07715834, 1929367.07715834, 2729367.07715834, 2729367.07715834, 1929367.07715834))
"455",455,list(c(-6167530.44516137, -5367530.44516137, -5367530.44516137, -6167530.44516137, -6167530.44516137, 1929367.07715834, 1929367.07715834, 2729367.07715834, 2729367.07715834, 1929367.07715834))
"467",467,list(c(3432469.55483863, 4232469.55483863, 4232469.55483863, 3432469.55483863, 3432469.55483863, 1929367.07715834, 1929367.07715834, 2729367.07715834, 2729367.07715834, 1929367.07715834))
"471",471,list(c(6632469.55483863, 7432469.55483863, 7432469.55483863, 6632469.55483863, 6632469.55483863, 1929367.07715834, 1929367.07715834, 2729367.07715834, 2729367.07715834, 1929367.07715834))
"474",474,list(c(9032469.55483863, 9832469.55483863, 9832469.55483863, 9032469.55483863, 9032469.55483863, 1929367.07715834, 1929367.07715834, 2729367.07715834, 2729367.07715834, 1929367.07715834))
"475",475,list(c(9832469.55483863, 10632469.5548386, 10632469.5548386, 9832469.55483863, 9832469.55483863, 1929367.07715834, 1929367.07715834, 2729367.07715834, 2729367.07715834, 1929367.07715834))
"476",476,list(c(10632469.5548386, 11432469.5548386, 11432469.5548386, 10632469.5548386, 10632469.5548386, 1929367.07715834, 1929367.07715834, 2729367.07715834, 2729367.07715834, 1929367.07715834))
"477",477,list(c(11432469.5548386, 12232469.5548386, 12232469.5548386, 11432469.5548386, 11432469.5548386, 1929367.07715834, 1929367.07715834, 2729367.07715834, 2729367.07715834, 1929367.07715834))
"493",493,list(c(-10967530.4451614, -10167530.4451614, -10167530.4451614, -10967530.4451614, -10967530.4451614, 2729367.07715834, 2729367.07715834, 3529367.07715834, 3529367.07715834, 2729367.07715834))
"494",494,list(c(-10167530.4451614, -9367530.44516137, -9367530.44516137, -10167530.4451614, -10167530.4451614, 2729367.07715834, 2729367.07715834, 3529367.07715834, 3529367.07715834, 2729367.07715834))
"496",496,list(c(-8567530.44516137, -7767530.44516137, -7767530.44516137, -8567530.44516137, -8567530.44516137, 2729367.07715834, 2729367.07715834, 3529367.07715834, 3529367.07715834, 2729367.07715834))
"497",497,list(c(-7767530.44516137, -6967530.44516137, -6967530.44516137, -7767530.44516137, -7767530.44516137, 2729367.07715834, 2729367.07715834, 3529367.07715834, 3529367.07715834, 2729367.07715834))
"504",504,list(c(-2167530.44516137, -1367530.44516137, -1367530.44516137, -2167530.44516137, -2167530.44516137, 2729367.07715834, 2729367.07715834, 3529367.07715834, 3529367.07715834, 2729367.07715834))
"515",515,list(c(6632469.55483863, 7432469.55483863, 7432469.55483863, 6632469.55483863, 6632469.55483863, 2729367.07715834, 2729367.07715834, 3529367.07715834, 3529367.07715834, 2729367.07715834))
"516",516,list(c(7432469.55483863, 8232469.55483863, 8232469.55483863, 7432469.55483863, 7432469.55483863, 2729367.07715834, 2729367.07715834, 3529367.07715834, 3529367.07715834, 2729367.07715834))
"517",517,list(c(8232469.55483863, 9032469.55483863, 9032469.55483863, 8232469.55483863, 8232469.55483863, 2729367.07715834, 2729367.07715834, 3529367.07715834, 3529367.07715834, 2729367.07715834))
"518",518,list(c(9032469.55483863, 9832469.55483863, 9832469.55483863, 9032469.55483863, 9032469.55483863, 2729367.07715834, 2729367.07715834, 3529367.07715834, 3529367.07715834, 2729367.07715834))
"519",519,list(c(9832469.55483863, 10632469.5548386, 10632469.5548386, 9832469.55483863, 9832469.55483863, 2729367.07715834, 2729367.07715834, 3529367.07715834, 3529367.07715834, 2729367.07715834))
"520",520,list(c(10632469.5548386, 11432469.5548386, 11432469.5548386, 10632469.5548386, 10632469.5548386, 2729367.07715834, 2729367.07715834, 3529367.07715834, 3529367.07715834, 2729367.07715834))
"521",521,list(c(11432469.5548386, 12232469.5548386, 12232469.5548386, 11432469.5548386, 11432469.5548386, 2729367.07715834, 2729367.07715834, 3529367.07715834, 3529367.07715834, 2729367.07715834))
"522",522,list(c(12232469.5548386, 13032469.5548386, 13032469.5548386, 12232469.5548386, 12232469.5548386, 2729367.07715834, 2729367.07715834, 3529367.07715834, 3529367.07715834, 2729367.07715834))
"536",536,list(c(-11767530.4451614, -10967530.4451614, -10967530.4451614, -11767530.4451614, -11767530.4451614, 3529367.07715834, 3529367.07715834, 4329367.07715834, 4329367.07715834, 3529367.07715834))
"537",537,list(c(-10967530.4451614, -10167530.4451614, -10167530.4451614, -10967530.4451614, -10967530.4451614, 3529367.07715834, 3529367.07715834, 4329367.07715834, 4329367.07715834, 3529367.07715834))
"538",538,list(c(-10167530.4451614, -9367530.44516137, -9367530.44516137, -10167530.4451614, -10167530.4451614, 3529367.07715834, 3529367.07715834, 4329367.07715834, 4329367.07715834, 3529367.07715834))
"539",539,list(c(-9367530.44516137, -8567530.44516137, -8567530.44516137, -9367530.44516137, -9367530.44516137, 3529367.07715834, 3529367.07715834, 4329367.07715834, 4329367.07715834, 3529367.07715834))
"540",540,list(c(-8567530.44516137, -7767530.44516137, -7767530.44516137, -8567530.44516137, -8567530.44516137, 3529367.07715834, 3529367.07715834, 4329367.07715834, 4329367.07715834, 3529367.07715834))
"541",541,list(c(-7767530.44516137, -6967530.44516137, -6967530.44516137, -7767530.44516137, -7767530.44516137, 3529367.07715834, 3529367.07715834, 4329367.07715834, 4329367.07715834, 3529367.07715834))
"549",549,list(c(-1367530.44516137, -567530.445161372, -567530.445161372, -1367530.44516137, -1367530.44516137, 3529367.07715834, 3529367.07715834, 4329367.07715834, 4329367.07715834, 3529367.07715834))
"550",550,list(c(-567530.445161372, 232469.554838628, 232469.554838628, -567530.445161372, -567530.445161372, 3529367.07715834, 3529367.07715834, 4329367.07715834, 4329367.07715834, 3529367.07715834))
"551",551,list(c(232469.554838628, 1032469.55483863, 1032469.55483863, 232469.554838628, 232469.554838628, 3529367.07715834, 3529367.07715834, 4329367.07715834, 4329367.07715834, 3529367.07715834))
"553",553,list(c(1832469.55483863, 2632469.55483863, 2632469.55483863, 1832469.55483863, 1832469.55483863, 3529367.07715834, 3529367.07715834, 4329367.07715834, 4329367.07715834, 3529367.07715834))
"554",554,list(c(2632469.55483863, 3432469.55483863, 3432469.55483863, 2632469.55483863, 2632469.55483863, 3529367.07715834, 3529367.07715834, 4329367.07715834, 4329367.07715834, 3529367.07715834))
"555",555,list(c(3432469.55483863, 4232469.55483863, 4232469.55483863, 3432469.55483863, 3432469.55483863, 3529367.07715834, 3529367.07715834, 4329367.07715834, 4329367.07715834, 3529367.07715834))
"557",557,list(c(5032469.55483863, 5832469.55483863, 5832469.55483863, 5032469.55483863, 5032469.55483863, 3529367.07715834, 3529367.07715834, 4329367.07715834, 4329367.07715834, 3529367.07715834))
"559",559,list(c(6632469.55483863, 7432469.55483863, 7432469.55483863, 6632469.55483863, 6632469.55483863, 3529367.07715834, 3529367.07715834, 4329367.07715834, 4329367.07715834, 3529367.07715834))
"560",560,list(c(7432469.55483863, 8232469.55483863, 8232469.55483863, 7432469.55483863, 7432469.55483863, 3529367.07715834, 3529367.07715834, 4329367.07715834, 4329367.07715834, 3529367.07715834))
"561",561,list(c(8232469.55483863, 9032469.55483863, 9032469.55483863, 8232469.55483863, 8232469.55483863, 3529367.07715834, 3529367.07715834, 4329367.07715834, 4329367.07715834, 3529367.07715834))
"562",562,list(c(9032469.55483863, 9832469.55483863, 9832469.55483863, 9032469.55483863, 9032469.55483863, 3529367.07715834, 3529367.07715834, 4329367.07715834, 4329367.07715834, 3529367.07715834))
"563",563,list(c(9832469.55483863, 10632469.5548386, 10632469.5548386, 9832469.55483863, 9832469.55483863, 3529367.07715834, 3529367.07715834, 4329367.07715834, 4329367.07715834, 3529367.07715834))
"564",564,list(c(10632469.5548386, 11432469.5548386, 11432469.5548386, 10632469.5548386, 10632469.5548386, 3529367.07715834, 3529367.07715834, 4329367.07715834, 4329367.07715834, 3529367.07715834))
"565",565,list(c(11432469.5548386, 12232469.5548386, 12232469.5548386, 11432469.5548386, 11432469.5548386, 3529367.07715834, 3529367.07715834, 4329367.07715834, 4329367.07715834, 3529367.07715834))
"566",566,list(c(12232469.5548386, 13032469.5548386, 13032469.5548386, 12232469.5548386, 12232469.5548386, 3529367.07715834, 3529367.07715834, 4329367.07715834, 4329367.07715834, 3529367.07715834))
"567",567,list(c(13032469.5548386, 13832469.5548386, 13832469.5548386, 13032469.5548386, 13032469.5548386, 3529367.07715834, 3529367.07715834, 4329367.07715834, 4329367.07715834, 3529367.07715834))
"579",579,list(c(-12567530.4451614, -11767530.4451614, -11767530.4451614, -12567530.4451614, -12567530.4451614, 4329367.07715834, 4329367.07715834, 5129367.07715834, 5129367.07715834, 4329367.07715834))
"580",580,list(c(-11767530.4451614, -10967530.4451614, -10967530.4451614, -11767530.4451614, -11767530.4451614, 4329367.07715834, 4329367.07715834, 5129367.07715834, 5129367.07715834, 4329367.07715834))
"581",581,list(c(-10967530.4451614, -10167530.4451614, -10167530.4451614, -10967530.4451614, -10967530.4451614, 4329367.07715834, 4329367.07715834, 5129367.07715834, 5129367.07715834, 4329367.07715834))
"582",582,list(c(-10167530.4451614, -9367530.44516137, -9367530.44516137, -10167530.4451614, -10167530.4451614, 4329367.07715834, 4329367.07715834, 5129367.07715834, 5129367.07715834, 4329367.07715834))
"583",583,list(c(-9367530.44516137, -8567530.44516137, -8567530.44516137, -9367530.44516137, -9367530.44516137, 4329367.07715834, 4329367.07715834, 5129367.07715834, 5129367.07715834, 4329367.07715834))
"584",584,list(c(-8567530.44516137, -7767530.44516137, -7767530.44516137, -8567530.44516137, -8567530.44516137, 4329367.07715834, 4329367.07715834, 5129367.07715834, 5129367.07715834, 4329367.07715834))
"585",585,list(c(-7767530.44516137, -6967530.44516137, -6967530.44516137, -7767530.44516137, -7767530.44516137, 4329367.07715834, 4329367.07715834, 5129367.07715834, 5129367.07715834, 4329367.07715834))
"586",586,list(c(-6967530.44516137, -6167530.44516137, -6167530.44516137, -6967530.44516137, -6967530.44516137, 4329367.07715834, 4329367.07715834, 5129367.07715834, 5129367.07715834, 4329367.07715834))
"587",587,list(c(-6167530.44516137, -5367530.44516137, -5367530.44516137, -6167530.44516137, -6167530.44516137, 4329367.07715834, 4329367.07715834, 5129367.07715834, 5129367.07715834, 4329367.07715834))
"593",593,list(c(-1367530.44516137, -567530.445161372, -567530.445161372, -1367530.44516137, -1367530.44516137, 4329367.07715834, 4329367.07715834, 5129367.07715834, 5129367.07715834, 4329367.07715834))
"594",594,list(c(-567530.445161372, 232469.554838628, 232469.554838628, -567530.445161372, -567530.445161372, 4329367.07715834, 4329367.07715834, 5129367.07715834, 5129367.07715834, 4329367.07715834))
"595",595,list(c(232469.554838628, 1032469.55483863, 1032469.55483863, 232469.554838628, 232469.554838628, 4329367.07715834, 4329367.07715834, 5129367.07715834, 5129367.07715834, 4329367.07715834))
"596",596,list(c(1032469.55483863, 1832469.55483863, 1832469.55483863, 1032469.55483863, 1032469.55483863, 4329367.07715834, 4329367.07715834, 5129367.07715834, 5129367.07715834, 4329367.07715834))
"597",597,list(c(1832469.55483863, 2632469.55483863, 2632469.55483863, 1832469.55483863, 1832469.55483863, 4329367.07715834, 4329367.07715834, 5129367.07715834, 5129367.07715834, 4329367.07715834))
"598",598,list(c(2632469.55483863, 3432469.55483863, 3432469.55483863, 2632469.55483863, 2632469.55483863, 4329367.07715834, 4329367.07715834, 5129367.07715834, 5129367.07715834, 4329367.07715834))
"599",599,list(c(3432469.55483863, 4232469.55483863, 4232469.55483863, 3432469.55483863, 3432469.55483863, 4329367.07715834, 4329367.07715834, 5129367.07715834, 5129367.07715834, 4329367.07715834))
"600",600,list(c(4232469.55483863, 5032469.55483863, 5032469.55483863, 4232469.55483863, 4232469.55483863, 4329367.07715834, 4329367.07715834, 5129367.07715834, 5129367.07715834, 4329367.07715834))
"601",601,list(c(5032469.55483863, 5832469.55483863, 5832469.55483863, 5032469.55483863, 5032469.55483863, 4329367.07715834, 4329367.07715834, 5129367.07715834, 5129367.07715834, 4329367.07715834))
"603",603,list(c(6632469.55483863, 7432469.55483863, 7432469.55483863, 6632469.55483863, 6632469.55483863, 4329367.07715834, 4329367.07715834, 5129367.07715834, 5129367.07715834, 4329367.07715834))
"604",604,list(c(7432469.55483863, 8232469.55483863, 8232469.55483863, 7432469.55483863, 7432469.55483863, 4329367.07715834, 4329367.07715834, 5129367.07715834, 5129367.07715834, 4329367.07715834))
"605",605,list(c(8232469.55483863, 9032469.55483863, 9032469.55483863, 8232469.55483863, 8232469.55483863, 4329367.07715834, 4329367.07715834, 5129367.07715834, 5129367.07715834, 4329367.07715834))
"606",606,list(c(9032469.55483863, 9832469.55483863, 9832469.55483863, 9032469.55483863, 9032469.55483863, 4329367.07715834, 4329367.07715834, 5129367.07715834, 5129367.07715834, 4329367.07715834))
"607",607,list(c(9832469.55483863, 10632469.5548386, 10632469.5548386, 9832469.55483863, 9832469.55483863, 4329367.07715834, 4329367.07715834, 5129367.07715834, 5129367.07715834, 4329367.07715834))
"608",608,list(c(10632469.5548386, 11432469.5548386, 11432469.5548386, 10632469.5548386, 10632469.5548386, 4329367.07715834, 4329367.07715834, 5129367.07715834, 5129367.07715834, 4329367.07715834))
"609",609,list(c(11432469.5548386, 12232469.5548386, 12232469.5548386, 11432469.5548386, 11432469.5548386, 4329367.07715834, 4329367.07715834, 5129367.07715834, 5129367.07715834, 4329367.07715834))
"610",610,list(c(12232469.5548386, 13032469.5548386, 13032469.5548386, 12232469.5548386, 12232469.5548386, 4329367.07715834, 4329367.07715834, 5129367.07715834, 5129367.07715834, 4329367.07715834))
"611",611,list(c(13032469.5548386, 13832469.5548386, 13832469.5548386, 13032469.5548386, 13032469.5548386, 4329367.07715834, 4329367.07715834, 5129367.07715834, 5129367.07715834, 4329367.07715834))
"612",612,list(c(13832469.5548386, 14632469.5548386, 14632469.5548386, 13832469.5548386, 13832469.5548386, 4329367.07715834, 4329367.07715834, 5129367.07715834, 5129367.07715834, 4329367.07715834))
"617",617,list(c(-17367530.4451614, -16567530.4451614, -16567530.4451614, -17367530.4451614, -17367530.4451614, 5129367.07715834, 5129367.07715834, 5929367.07715834, 5929367.07715834, 5129367.07715834))
"618",618,list(c(-16567530.4451614, -15767530.4451614, -15767530.4451614, -16567530.4451614, -16567530.4451614, 5129367.07715834, 5129367.07715834, 5929367.07715834, 5929367.07715834, 5129367.07715834))
"622",622,list(c(-13367530.4451614, -12567530.4451614, -12567530.4451614, -13367530.4451614, -13367530.4451614, 5129367.07715834, 5129367.07715834, 5929367.07715834, 5929367.07715834, 5129367.07715834))
"623",623,list(c(-12567530.4451614, -11767530.4451614, -11767530.4451614, -12567530.4451614, -12567530.4451614, 5129367.07715834, 5129367.07715834, 5929367.07715834, 5929367.07715834, 5129367.07715834))
"624",624,list(c(-11767530.4451614, -10967530.4451614, -10967530.4451614, -11767530.4451614, -11767530.4451614, 5129367.07715834, 5129367.07715834, 5929367.07715834, 5929367.07715834, 5129367.07715834))
"625",625,list(c(-10967530.4451614, -10167530.4451614, -10167530.4451614, -10967530.4451614, -10967530.4451614, 5129367.07715834, 5129367.07715834, 5929367.07715834, 5929367.07715834, 5129367.07715834))
"626",626,list(c(-10167530.4451614, -9367530.44516137, -9367530.44516137, -10167530.4451614, -10167530.4451614, 5129367.07715834, 5129367.07715834, 5929367.07715834, 5929367.07715834, 5129367.07715834))
"627",627,list(c(-9367530.44516137, -8567530.44516137, -8567530.44516137, -9367530.44516137, -9367530.44516137, 5129367.07715834, 5129367.07715834, 5929367.07715834, 5929367.07715834, 5129367.07715834))
"628",628,list(c(-8567530.44516137, -7767530.44516137, -7767530.44516137, -8567530.44516137, -8567530.44516137, 5129367.07715834, 5129367.07715834, 5929367.07715834, 5929367.07715834, 5129367.07715834))
"629",629,list(c(-7767530.44516137, -6967530.44516137, -6967530.44516137, -7767530.44516137, -7767530.44516137, 5129367.07715834, 5129367.07715834, 5929367.07715834, 5929367.07715834, 5129367.07715834))
"630",630,list(c(-6967530.44516137, -6167530.44516137, -6167530.44516137, -6967530.44516137, -6967530.44516137, 5129367.07715834, 5129367.07715834, 5929367.07715834, 5929367.07715834, 5129367.07715834))
"631",631,list(c(-6167530.44516137, -5367530.44516137, -5367530.44516137, -6167530.44516137, -6167530.44516137, 5129367.07715834, 5129367.07715834, 5929367.07715834, 5929367.07715834, 5129367.07715834))
"632",632,list(c(-5367530.44516137, -4567530.44516137, -4567530.44516137, -5367530.44516137, -5367530.44516137, 5129367.07715834, 5129367.07715834, 5929367.07715834, 5929367.07715834, 5129367.07715834))
"637",637,list(c(-1367530.44516137, -567530.445161372, -567530.445161372, -1367530.44516137, -1367530.44516137, 5129367.07715834, 5129367.07715834, 5929367.07715834, 5929367.07715834, 5129367.07715834))
"638",638,list(c(-567530.445161372, 232469.554838628, 232469.554838628, -567530.445161372, -567530.445161372, 5129367.07715834, 5129367.07715834, 5929367.07715834, 5929367.07715834, 5129367.07715834))
"639",639,list(c(232469.554838628, 1032469.55483863, 1032469.55483863, 232469.554838628, 232469.554838628, 5129367.07715834, 5129367.07715834, 5929367.07715834, 5929367.07715834, 5129367.07715834))
"640",640,list(c(1032469.55483863, 1832469.55483863, 1832469.55483863, 1032469.55483863, 1032469.55483863, 5129367.07715834, 5129367.07715834, 5929367.07715834, 5929367.07715834, 5129367.07715834))
"641",641,list(c(1832469.55483863, 2632469.55483863, 2632469.55483863, 1832469.55483863, 1832469.55483863, 5129367.07715834, 5129367.07715834, 5929367.07715834, 5929367.07715834, 5129367.07715834))
"642",642,list(c(2632469.55483863, 3432469.55483863, 3432469.55483863, 2632469.55483863, 2632469.55483863, 5129367.07715834, 5129367.07715834, 5929367.07715834, 5929367.07715834, 5129367.07715834))
"643",643,list(c(3432469.55483863, 4232469.55483863, 4232469.55483863, 3432469.55483863, 3432469.55483863, 5129367.07715834, 5129367.07715834, 5929367.07715834, 5929367.07715834, 5129367.07715834))
"644",644,list(c(4232469.55483863, 5032469.55483863, 5032469.55483863, 4232469.55483863, 4232469.55483863, 5129367.07715834, 5129367.07715834, 5929367.07715834, 5929367.07715834, 5129367.07715834))
"645",645,list(c(5032469.55483863, 5832469.55483863, 5832469.55483863, 5032469.55483863, 5032469.55483863, 5129367.07715834, 5129367.07715834, 5929367.07715834, 5929367.07715834, 5129367.07715834))
"648",648,list(c(7432469.55483863, 8232469.55483863, 8232469.55483863, 7432469.55483863, 7432469.55483863, 5129367.07715834, 5129367.07715834, 5929367.07715834, 5929367.07715834, 5129367.07715834))
"649",649,list(c(8232469.55483863, 9032469.55483863, 9032469.55483863, 8232469.55483863, 8232469.55483863, 5129367.07715834, 5129367.07715834, 5929367.07715834, 5929367.07715834, 5129367.07715834))
"650",650,list(c(9032469.55483863, 9832469.55483863, 9832469.55483863, 9032469.55483863, 9032469.55483863, 5129367.07715834, 5129367.07715834, 5929367.07715834, 5929367.07715834, 5129367.07715834))
"651",651,list(c(9832469.55483863, 10632469.5548386, 10632469.5548386, 9832469.55483863, 9832469.55483863, 5129367.07715834, 5129367.07715834, 5929367.07715834, 5929367.07715834, 5129367.07715834))
"652",652,list(c(10632469.5548386, 11432469.5548386, 11432469.5548386, 10632469.5548386, 10632469.5548386, 5129367.07715834, 5129367.07715834, 5929367.07715834, 5929367.07715834, 5129367.07715834))
"653",653,list(c(11432469.5548386, 12232469.5548386, 12232469.5548386, 11432469.5548386, 11432469.5548386, 5129367.07715834, 5129367.07715834, 5929367.07715834, 5929367.07715834, 5129367.07715834))
"654",654,list(c(12232469.5548386, 13032469.5548386, 13032469.5548386, 12232469.5548386, 12232469.5548386, 5129367.07715834, 5129367.07715834, 5929367.07715834, 5929367.07715834, 5129367.07715834))
"655",655,list(c(13032469.5548386, 13832469.5548386, 13832469.5548386, 13032469.5548386, 13032469.5548386, 5129367.07715834, 5129367.07715834, 5929367.07715834, 5929367.07715834, 5129367.07715834))
"656",656,list(c(13832469.5548386, 14632469.5548386, 14632469.5548386, 13832469.5548386, 13832469.5548386, 5129367.07715834, 5129367.07715834, 5929367.07715834, 5929367.07715834, 5129367.07715834))
"657",657,list(c(14632469.5548386, 15432469.5548386, 15432469.5548386, 14632469.5548386, 14632469.5548386, 5129367.07715834, 5129367.07715834, 5929367.07715834, 5929367.07715834, 5129367.07715834))
"659",659,list(c(16232469.5548386, 17032469.5548386, 17032469.5548386, 16232469.5548386, 16232469.5548386, 5129367.07715834, 5129367.07715834, 5929367.07715834, 5929367.07715834, 5129367.07715834))
"660",660,list(c(17032469.5548386, 17832469.5548386, 17832469.5548386, 17032469.5548386, 17032469.5548386, 5129367.07715834, 5129367.07715834, 5929367.07715834, 5929367.07715834, 5129367.07715834))
"662",662,list(c(-16567530.4451614, -15767530.4451614, -15767530.4451614, -16567530.4451614, -16567530.4451614, 5929367.07715834, 5929367.07715834, 6729367.07715834, 6729367.07715834, 5929367.07715834))
"663",663,list(c(-15767530.4451614, -14967530.4451614, -14967530.4451614, -15767530.4451614, -15767530.4451614, 5929367.07715834, 5929367.07715834, 6729367.07715834, 6729367.07715834, 5929367.07715834))
"664",664,list(c(-14967530.4451614, -14167530.4451614, -14167530.4451614, -14967530.4451614, -14967530.4451614, 5929367.07715834, 5929367.07715834, 6729367.07715834, 6729367.07715834, 5929367.07715834))
"665",665,list(c(-14167530.4451614, -13367530.4451614, -13367530.4451614, -14167530.4451614, -14167530.4451614, 5929367.07715834, 5929367.07715834, 6729367.07715834, 6729367.07715834, 5929367.07715834))
"666",666,list(c(-13367530.4451614, -12567530.4451614, -12567530.4451614, -13367530.4451614, -13367530.4451614, 5929367.07715834, 5929367.07715834, 6729367.07715834, 6729367.07715834, 5929367.07715834))
"667",667,list(c(-12567530.4451614, -11767530.4451614, -11767530.4451614, -12567530.4451614, -12567530.4451614, 5929367.07715834, 5929367.07715834, 6729367.07715834, 6729367.07715834, 5929367.07715834))
"668",668,list(c(-11767530.4451614, -10967530.4451614, -10967530.4451614, -11767530.4451614, -11767530.4451614, 5929367.07715834, 5929367.07715834, 6729367.07715834, 6729367.07715834, 5929367.07715834))
"669",669,list(c(-10967530.4451614, -10167530.4451614, -10167530.4451614, -10967530.4451614, -10967530.4451614, 5929367.07715834, 5929367.07715834, 6729367.07715834, 6729367.07715834, 5929367.07715834))
"670",670,list(c(-10167530.4451614, -9367530.44516137, -9367530.44516137, -10167530.4451614, -10167530.4451614, 5929367.07715834, 5929367.07715834, 6729367.07715834, 6729367.07715834, 5929367.07715834))
"671",671,list(c(-9367530.44516137, -8567530.44516137, -8567530.44516137, -9367530.44516137, -9367530.44516137, 5929367.07715834, 5929367.07715834, 6729367.07715834, 6729367.07715834, 5929367.07715834))
"672",672,list(c(-8567530.44516137, -7767530.44516137, -7767530.44516137, -8567530.44516137, -8567530.44516137, 5929367.07715834, 5929367.07715834, 6729367.07715834, 6729367.07715834, 5929367.07715834))
"673",673,list(c(-7767530.44516137, -6967530.44516137, -6967530.44516137, -7767530.44516137, -7767530.44516137, 5929367.07715834, 5929367.07715834, 6729367.07715834, 6729367.07715834, 5929367.07715834))
"674",674,list(c(-6967530.44516137, -6167530.44516137, -6167530.44516137, -6967530.44516137, -6967530.44516137, 5929367.07715834, 5929367.07715834, 6729367.07715834, 6729367.07715834, 5929367.07715834))
"675",675,list(c(-6167530.44516137, -5367530.44516137, -5367530.44516137, -6167530.44516137, -6167530.44516137, 5929367.07715834, 5929367.07715834, 6729367.07715834, 6729367.07715834, 5929367.07715834))
"679",679,list(c(-2967530.44516137, -2167530.44516137, -2167530.44516137, -2967530.44516137, -2967530.44516137, 5929367.07715834, 5929367.07715834, 6729367.07715834, 6729367.07715834, 5929367.07715834))
"680",680,list(c(-2167530.44516137, -1367530.44516137, -1367530.44516137, -2167530.44516137, -2167530.44516137, 5929367.07715834, 5929367.07715834, 6729367.07715834, 6729367.07715834, 5929367.07715834))
"681",681,list(c(-1367530.44516137, -567530.445161372, -567530.445161372, -1367530.44516137, -1367530.44516137, 5929367.07715834, 5929367.07715834, 6729367.07715834, 6729367.07715834, 5929367.07715834))
"682",682,list(c(-567530.445161372, 232469.554838628, 232469.554838628, -567530.445161372, -567530.445161372, 5929367.07715834, 5929367.07715834, 6729367.07715834, 6729367.07715834, 5929367.07715834))
"683",683,list(c(232469.554838628, 1032469.55483863, 1032469.55483863, 232469.554838628, 232469.554838628, 5929367.07715834, 5929367.07715834, 6729367.07715834, 6729367.07715834, 5929367.07715834))
"684",684,list(c(1032469.55483863, 1832469.55483863, 1832469.55483863, 1032469.55483863, 1032469.55483863, 5929367.07715834, 5929367.07715834, 6729367.07715834, 6729367.07715834, 5929367.07715834))
"685",685,list(c(1832469.55483863, 2632469.55483863, 2632469.55483863, 1832469.55483863, 1832469.55483863, 5929367.07715834, 5929367.07715834, 6729367.07715834, 6729367.07715834, 5929367.07715834))
"686",686,list(c(2632469.55483863, 3432469.55483863, 3432469.55483863, 2632469.55483863, 2632469.55483863, 5929367.07715834, 5929367.07715834, 6729367.07715834, 6729367.07715834, 5929367.07715834))
"687",687,list(c(3432469.55483863, 4232469.55483863, 4232469.55483863, 3432469.55483863, 3432469.55483863, 5929367.07715834, 5929367.07715834, 6729367.07715834, 6729367.07715834, 5929367.07715834))
"688",688,list(c(4232469.55483863, 5032469.55483863, 5032469.55483863, 4232469.55483863, 4232469.55483863, 5929367.07715834, 5929367.07715834, 6729367.07715834, 6729367.07715834, 5929367.07715834))
"689",689,list(c(5032469.55483863, 5832469.55483863, 5832469.55483863, 5032469.55483863, 5032469.55483863, 5929367.07715834, 5929367.07715834, 6729367.07715834, 6729367.07715834, 5929367.07715834))
"690",690,list(c(5832469.55483863, 6632469.55483863, 6632469.55483863, 5832469.55483863, 5832469.55483863, 5929367.07715834, 5929367.07715834, 6729367.07715834, 6729367.07715834, 5929367.07715834))
"691",691,list(c(6632469.55483863, 7432469.55483863, 7432469.55483863, 6632469.55483863, 6632469.55483863, 5929367.07715834, 5929367.07715834, 6729367.07715834, 6729367.07715834, 5929367.07715834))
"692",692,list(c(7432469.55483863, 8232469.55483863, 8232469.55483863, 7432469.55483863, 7432469.55483863, 5929367.07715834, 5929367.07715834, 6729367.07715834, 6729367.07715834, 5929367.07715834))
"693",693,list(c(8232469.55483863, 9032469.55483863, 9032469.55483863, 8232469.55483863, 8232469.55483863, 5929367.07715834, 5929367.07715834, 6729367.07715834, 6729367.07715834, 5929367.07715834))
"694",694,list(c(9032469.55483863, 9832469.55483863, 9832469.55483863, 9032469.55483863, 9032469.55483863, 5929367.07715834, 5929367.07715834, 6729367.07715834, 6729367.07715834, 5929367.07715834))
"695",695,list(c(9832469.55483863, 10632469.5548386, 10632469.5548386, 9832469.55483863, 9832469.55483863, 5929367.07715834, 5929367.07715834, 6729367.07715834, 6729367.07715834, 5929367.07715834))
"696",696,list(c(10632469.5548386, 11432469.5548386, 11432469.5548386, 10632469.5548386, 10632469.5548386, 5929367.07715834, 5929367.07715834, 6729367.07715834, 6729367.07715834, 5929367.07715834))
"697",697,list(c(11432469.5548386, 12232469.5548386, 12232469.5548386, 11432469.5548386, 11432469.5548386, 5929367.07715834, 5929367.07715834, 6729367.07715834, 6729367.07715834, 5929367.07715834))
"698",698,list(c(12232469.5548386, 13032469.5548386, 13032469.5548386, 12232469.5548386, 12232469.5548386, 5929367.07715834, 5929367.07715834, 6729367.07715834, 6729367.07715834, 5929367.07715834))
"699",699,list(c(13032469.5548386, 13832469.5548386, 13832469.5548386, 13032469.5548386, 13032469.5548386, 5929367.07715834, 5929367.07715834, 6729367.07715834, 6729367.07715834, 5929367.07715834))
"700",700,list(c(13832469.5548386, 14632469.5548386, 14632469.5548386, 13832469.5548386, 13832469.5548386, 5929367.07715834, 5929367.07715834, 6729367.07715834, 6729367.07715834, 5929367.07715834))
"701",701,list(c(14632469.5548386, 15432469.5548386, 15432469.5548386, 14632469.5548386, 14632469.5548386, 5929367.07715834, 5929367.07715834, 6729367.07715834, 6729367.07715834, 5929367.07715834))
"702",702,list(c(15432469.5548386, 16232469.5548386, 16232469.5548386, 15432469.5548386, 15432469.5548386, 5929367.07715834, 5929367.07715834, 6729367.07715834, 6729367.07715834, 5929367.07715834))
"707",707,list(c(-15767530.4451614, -14967530.4451614, -14967530.4451614, -15767530.4451614, -15767530.4451614, 6729367.07715834, 6729367.07715834, 7529367.07715834, 7529367.07715834, 6729367.07715834))
"708",708,list(c(-14967530.4451614, -14167530.4451614, -14167530.4451614, -14967530.4451614, -14967530.4451614, 6729367.07715834, 6729367.07715834, 7529367.07715834, 7529367.07715834, 6729367.07715834))
"709",709,list(c(-14167530.4451614, -13367530.4451614, -13367530.4451614, -14167530.4451614, -14167530.4451614, 6729367.07715834, 6729367.07715834, 7529367.07715834, 7529367.07715834, 6729367.07715834))
"710",710,list(c(-13367530.4451614, -12567530.4451614, -12567530.4451614, -13367530.4451614, -13367530.4451614, 6729367.07715834, 6729367.07715834, 7529367.07715834, 7529367.07715834, 6729367.07715834))
"728",728,list(c(1032469.55483863, 1832469.55483863, 1832469.55483863, 1032469.55483863, 1032469.55483863, 6729367.07715834, 6729367.07715834, 7529367.07715834, 7529367.07715834, 6729367.07715834))
"729",729,list(c(1832469.55483863, 2632469.55483863, 2632469.55483863, 1832469.55483863, 1832469.55483863, 6729367.07715834, 6729367.07715834, 7529367.07715834, 7529367.07715834, 6729367.07715834))
"730",730,list(c(2632469.55483863, 3432469.55483863, 3432469.55483863, 2632469.55483863, 2632469.55483863, 6729367.07715834, 6729367.07715834, 7529367.07715834, 7529367.07715834, 6729367.07715834))
"731",731,list(c(3432469.55483863, 4232469.55483863, 4232469.55483863, 3432469.55483863, 3432469.55483863, 6729367.07715834, 6729367.07715834, 7529367.07715834, 7529367.07715834, 6729367.07715834))
