"Context","Variable","Estimate","StdError","CI_low","CI_high","p_value","Signif","R2_percent","row_id"
"Australian","Average climate",0.0495556650055331,0.00287694708964155,0.0439169523244171,0.0551943776866672,6.5906827266061e-65,"***",44.7442743829408,1
"Australian","Climate variability",0.0536430737057168,0.00274156712030231,0.048269700888717,0.0590164465227204,1.20668995139821e-82,"***",54.5565507558284,2
"Australian","Topographical heterogeneity",0.0102409020708838,0.00634633554885006,-0.00219768703867272,0.0226794911804738,0.106652297111345," ",0.699174861230729,3
"The remaining groups","Average climate",0.0459670561692434,0.000256206057044563,0.0454649015257922,0.0464692108112394,0,"***",65.5952669392683,4
"The remaining groups","Climate variability",0.0246533479560366,0.000216781659799818,0.0242284637104749,0.0250782322014314,0,"***",33.8648528535498,5
"The remaining groups","Topographical heterogeneity",-0.00206267678907466,0.000189924661283106,-0.00243492228481165,-0.00169043129566057,1.78699351879196e-27,"***",0.539880207181946,6
"Australian vs. The remaining groups","Average climate",0.000450575058512937,0.0002323687805991,-4.85938221423082e-06,0.000906009499545237,0.0524962877553154,".",0.751326912014328,7
"Australian vs. The remaining groups","Climate variability",-0.0108110998590405,0.000207844654701465,-0.0112184678966003,-0.0104037318213219,0,"***",37.5788375597996,8
"Australian vs. The remaining groups","Topographical heterogeneity",0.00116726861135747,0.000213608759799893,0.000748603135404791,0.00158593408718754,4.64654654391334e-08,"***",0.451496057779977,9
"Australian vs. The remaining groups","Landmass discontinuity",0.0269278444664235,0.000410967029731407,0.0261223638895366,0.0277333250435484,0,"***",61.2183394704061,10
"Andean","Average climate",0.00330425075218413,0.00987565608472634,-0.0160516794975833,0.0226601810019516,0.739643491372725," ",31.5313463299811,11
"Andean","Climate variability",-0.00219625059555082,0.0145609236575959,-0.0307351365460761,0.0263426353549745,0.880848045232768," ",3.96548286989077,12
"Andean","Topographical heterogeneity",0.00667496786530045,0.01498803899024,-0.0227010487544521,0.036050984485053,0.658407357432491," ",64.5031708001281,13
"Neotropical - Afrotropical","Average climate",0.0301266763415602,0.000450244200721765,0.02924421392409,0.0310091387593974,0,"***",49.8818296075469,14
"Neotropical - Afrotropical","Climate variability",0.02224152420218,0.000418328940238066,0.0214216145455022,0.0230614338590242,0,"***",32.6773900922622,15
"Neotropical - Afrotropical","Topographical heterogeneity",0.0150231758027989,0.000444913019485745,0.014151162308082,0.015895189297473,4.55193150111808e-249,"***",17.440780300191,16
"Andean vs. Neotropical - Afrotropical","Average climate",0.0651782116144071,0.00211230724139861,0.0610381654970038,0.0693182577318279,1.76949916288528e-197,"***",80.9006784945913,17
"Andean vs. Neotropical - Afrotropical","Climate variability",0.00305800921135307,0.00167180687126316,-0.000218672045422049,0.00633469046814,0.0674127658385679,".",9.430370634268,18
"Andean vs. Neotropical - Afrotropical","Topographical heterogeneity",0.000220011585394086,0.00176669645961426,-0.00324264984705437,0.00368267301786392,0.900896638358457," ",0.562575816262567,19
"Andean vs. Neotropical - Afrotropical","Landmass discontinuity",0.0115703437506154,0.00104201940109443,0.00952802325327609,0.0136126642479564,1.95273750016464e-28,"***",9.10637505487819,20
"Neotropical","Average climate",0.0278361433714471,0.000521977837720357,0.0268130856084913,0.0288592011342824,0,"***",47.8969504434976,21
"Neotropical","Climate variability",0.0252316126970351,0.000515215774267377,0.0242218083350713,0.0262414170587935,0,"***",39.7485633909956,22
"Neotropical","Topographical heterogeneity",0.00966804592128136,0.000494414086950409,0.00869901211752071,0.0106370797252071,5.23998563804449e-85,"***",12.3544861655068,23
"Afrotropical","Average climate",0.0393487075782188,0.00101315662094033,0.0373629570905746,0.0413344580659804,0,"***",46.979025330314,24
"Afrotropical","Climate variability",0.0180530449804851,0.000738122305178003,0.0166063518461911,0.0194997381146524,2.47195252857171e-131,"***",18.9116806060759,25
"Afrotropical","Topographical heterogeneity",0.0352112151437506,0.001012619346061,0.0332265176953638,0.0371959125920851,8.85517507572095e-262,"***",34.1092940636102,26
"Neotropical vs. Afrotropical ","Average climate",0.0154595906050173,0.000390056358556048,0.0146950941903063,0.0162240870194973,0,"***",67.2916098775691,27
"Neotropical vs. Afrotropical ","Climate variability",-0.00883150404815647,0.000349546674640804,-0.00951660294129014,-0.00814640515502178,1.5095431383922e-140,"***",19.8241824315331,28
"Neotropical vs. Afrotropical ","Topographical heterogeneity",0.00528082083469488,0.000416572769007162,0.00446435321061436,0.00609728845900872,8.30356823685913e-37,"***",12.6839432082103,29
"Neotropical vs. Afrotropical ","Landmass discontinuity",-0.040818595391527,0.0192812550942191,-0.078609160954018,-0.00302802983209656,0.0342607101113874,"*",0.200264482687437,30
"Holartic","Average climate",0.0527324471938953,0.000330656878115028,0.0520843716202433,0.053380522767996,0,"***",61.235250822482,31
"Holartic","Climate variability",0.0307369606593542,0.00027310606132281,0.0302016826140376,0.0312722387044303,0,"***",37.6959110589061,32
"Holartic","Topographical heterogeneity",0.000933480138363409,0.000217656735776356,0.000506880773660177,0.00136007950247776,1.79699603187696e-05,"***",1.06883811861186,33
"Indo-Malaysian","Average climate",0.0164583617772538,0.000701937465237133,0.01508258962596,0.0178341339285453,6.02916221701289e-121,"***",20.9612839562111,34
"Indo-Malaysian","Climate variability",0.0319934895413847,0.000597674671965299,0.0308220687098851,0.0331649103729079,0,"***",66.0823019292195,35
"Indo-Malaysian","Topographical heterogeneity",-0.0272883949035183,0.000922523963021321,-0.0290965086459155,-0.0254802811612494,1.03351589873515e-190,"***",12.9564141145694,36
"Holartic vs. Indo-Malaysian","Average climate",0.0303077211747526,0.000322115742516948,0.0296763859208991,0.0309390564279484,0,"***",46.9227080177325,37
"Holartic vs. Indo-Malaysian","Climate variability",0.0085509872152724,0.000300259934027057,0.00796248855891767,0.00913948587223819,3.651295245651e-178,"***",13.6538631168228,38
"Holartic vs. Indo-Malaysian","Topographical heterogeneity",-0.0199889630414301,0.000213570847227627,-0.0204075542103188,-0.0195703718725075,0,"***",35.7156210165113,39
"Holartic vs. Indo-Malaysian","Landmass discontinuity",0.00550234737138586,0.000191142899196407,0.00512771417335162,0.00587698056972582,5.47631297529482e-182,"***",3.70780784893339,40
